{"cameraMode":{"drawMode":0,"name":"Shaded","section":"Shading Mode"},"sceneLighting":true,"audioPlay":false,"sceneViewState":{"m_AlwaysRefresh":false,"showFog":true,"showSkybox":true,"showFlares":true,"showImageEffects":true,"showParticleSystems":true,"showVisualEffectGraphs":true,"m_FxEnabled":true},"in2DMode":false,"pivot":{"x":26.53378677368164,"y":-39.108253479003909,"z":-58.455169677734378},"rotation":{"x":0.08537294715642929,"y":0.9122324585914612,"z":-0.31583887338638308,"w":0.24656899273395539},"size":64.23446655273438,"orthographic":false}